<!DOCTYPE hibernate-configuration PUBLIC
        "-//Hibernate/Hibernate Configuration DTD 3.0//EN"
        "http://www.hibernate.org/dtd/hibernate-configuration-3.0.dtd">

<hibernate-configuration>
	<session-factory>
		<!-- To inform HIBERNATE to generate the query specific to database engine -->
		<property name="hibernate.dialect">org.hibernate.dialect.MySQL8Dialect</property>
		<property name="hibernate.hbm2ddl.auto">update</property>

		<!-- To inform HIBERNATE about the database details -->
		<property name="hibernate.connection.driver_class">com.mysql.cj.jdbc.Driver</property>
		<property name="hibernate.connection.url">jdbc:mysql://localhost:3306/pwskillsbatch</property>
		<property name="hibernate.connection.username">root</property>
		<property name="hibernate.connection.password">root123</property>

		<!-- To inform HIBERNATE to display the queries generated during execution -->
		<property name="hibernate.show_sql">true</property>

		<!-- To inform HIBERNATE to display the queries in formatted style generated 
			during execution -->
		<property name="hibernate.format_sql">true</property>

		<!-- To inform HIBERNATE whether to create a table or use existing table -->
	</session-factory>
</hibernate-configuration>